id,stereotype,vilification,dehumanization,extreme_language,lack_of_empathy,invalidation
swa_a5748df181277341143f7da4175add4a,1,0,1,1,1,0
swa_2df0d42f9b49ea2e4fb006b2e6604e6d,1,0,1,1,1,0
swa_3718757514005767302b7220b08e409d,1,0,1,0,1,0
swa_9fa3337a35cce723d60c06056d422330,1,0,1,1,1,0
swa_5c39ac8ef70345e9e3c21a47f8769bc0,1,0,1,1,1,0
swa_257c286fa7c51cb7c688945a23f2628c,1,0,1,0,1,0
swa_36ab93dbc14eea454ab02c2600d1a8f4,1,0,1,1,1,0
swa_d5efac5c104f931cdc0233ae0ba51d83,1,0,1,1,1,0
swa_bb5632760ec46cf270238c2163b3aabb,1,0,1,0,1,0
swa_96b4fdd8cfb089b397d769319be3006b,1,0,1,1,1,0
swa_f7ce8ee7a53ef7f26473d7b882f712fc,1,0,1,0,1,0
swa_34a9c0f24ae8ca88e5bcb69d0faf4448,1,0,1,0,1,0
swa_b0681b13dae12d7893a5ba10016abc1a,1,0,1,1,1,0
swa_3c3aa517b6a99b053ccf51266b5d44b7,1,0,1,1,1,0
swa_39545b7cef9f2424591df5e0bb23f267,1,0,1,0,0,0
swa_59938e0a0db1d8327998f599a5540759,1,0,1,1,1,0
swa_dfc286823f2da953a3a001fd2efd4f8e,1,0,1,0,1,0
swa_600a74e46dfe70e620546e7cc5348dfa,1,0,1,1,1,0
swa_e5b261cabaf4c1d24d837c1d0a958628,0,0,0,0,0,0
swa_dce2b308d124584373c42a933cbe1339,1,1,1,1,1,0
swa_8a33b103295a46596738123f0e3acc76,1,0,1,0,0,0
swa_f3260e571e891978731777ca8ac3a8ee,1,1,1,1,1,0
swa_13a1114ca7ab566e5acad79b2e0c4eec,1,0,1,0,1,0
swa_a1f3c78cede25f6164b1848c927f65bc,1,0,1,0,1,0
swa_a39d1c8b5046a6df270bf7f7c43d4ea1,1,0,1,1,1,0
swa_22983bcebc94facc92bcf6067449e371,1,0,1,0,1,0
swa_0cdbf17c0842dbe25ebd8323d1149a0e,1,0,1,0,0,0
swa_205aa36f77f853c8a2f220e7946a39cd,1,0,1,1,1,0
swa_511dccd7807f0ed0e8a2696ac395d442,1,0,1,1,1,0
swa_803bdd42ac74aa77e43be1fc2c012be3,1,0,1,0,0,0
swa_d400e6094e4bce81bf91ab40424047b3,1,0,1,0,0,0
swa_6902833de2eb4906ee5aede33c6ace99,1,0,1,1,1,0
swa_7f4bce1a81c233befed7dab45730729e,1,0,1,0,0,0
swa_95d770833a11d051cc6130b35fbd9b20,1,0,1,1,1,0
swa_c8ab1cecff7efe24274d2682c34fb415,1,1,1,1,1,0
swa_ca2c2979ccd3e82bb094fdcb81467d97,1,0,1,1,1,0
swa_2e2c3895df495691fc8dbb0de08d660b,1,0,1,1,1,0
swa_af9db28c69dd57da781d353884cfc583,1,0,1,0,1,0
swa_e9df778114550039ddd3b4f621ee5e8e,1,0,1,0,0,0
swa_598bcc0f99d172a0b280dcb3ef1ec061,1,0,1,1,1,0
swa_dd9ed9881d3896d3bd31bce017e55035,1,0,1,0,1,0
swa_bfa2e879a035da6ee58c1ee941e05ee0,0,0,0,0,0,0
swa_07e0236da9bc56588e9b02e4e3b14a8b,1,0,1,1,1,0
swa_f7a34bae8907d41b7641a4af2860cf80,1,0,1,1,1,0
swa_ed61ab894e0b532c16ce8395a3cac200,1,0,1,1,1,0
swa_53b630dcb136039121b5ef49ee9eb090,1,0,1,1,1,0
swa_ffcac4d4093df0f5443a3b9dbe171e1b,1,0,1,0,1,0
swa_f365ea140054d81972482fb3c30ccfd5,1,0,1,0,0,0
swa_3d9e111644a84ce259a87dd58568dbdf,1,0,1,0,1,0
swa_89da1a0ac0cb7f65fdf41e8716682456,1,1,1,1,1,0
swa_cd8c6d5afd5b83025fb0a0e535212991,1,1,1,1,1,0
swa_5ed521b426b6edd70f9280de256332c0,1,0,1,0,1,0
swa_eb57fe4e76c1f33512e7241a799f6e52,1,0,1,1,1,0
swa_853fbebf8335800658cd0217669311c0,1,1,1,1,1,0
swa_5aed27037165624a128328e4ff07b3e7,1,0,1,0,1,0
swa_a2a515979f76b0bfee161105d7740aa0,1,1,1,1,1,0
swa_d051027b301944ed61be47869012a27c,1,1,1,1,1,0
swa_bb59e4e91bc58c03c226bbe061d0f8cb,1,1,1,1,1,0
swa_5476229e49d23f711aaaba299d045965,0,0,0,0,0,0
swa_82755e7b0ffae8ae5f6b0ede5700c4cb,0,0,0,0,0,0
swa_c414039e8dc3720882f61222c84e6cd2,1,1,1,1,1,0
swa_e56f1769310ef300cbeb3fb5b2848a39,0,0,0,0,0,0
swa_9b64f107758bf10fb420832dab5a00e1,1,1,1,1,1,0
swa_808b2494f9b469ac2b1ca7e62b4b1fde,0,0,0,0,0,0
swa_e4bf014d68f5d9318b8714d38b3a454b,0,0,0,0,0,0
swa_c2d5f7017c6b225b36fbd9d4d0837131,1,1,1,1,1,0
swa_e6304d8344ee841714d43850422dd759,1,1,1,1,1,0
swa_7581c779465ececf685268e16e83e7a9,1,1,1,1,1,0
swa_add6e46e0dd67a1bbf3c4e306da356fd,1,1,1,1,1,0
swa_caa667ec8b4e70ac0b49cda4a079cc02,1,1,1,1,1,0
swa_6f10a5d328c89ccd1699a03fb7ba3e19,1,1,1,1,1,0
swa_ecbf28e6aeb95afa2c470cfb82a7777d,0,0,0,0,0,0
swa_95c4cf57d786a84de8afd6f696b2134d,1,1,1,1,1,0
swa_6bc88b5b67f39a8ecc132630ea58a425,1,0,1,1,1,0
swa_ad2597e4b070af3df6b47382b2eeac2a,1,1,1,1,1,0
swa_b29bd3ba01e166fd17ccfd8cf4c80c7f,0,0,0,0,0,0
swa_16db842989af12d15f123e787d54d0f8,1,0,0,0,0,0
swa_2572709535c58065b1c56e6636f9b8f9,1,1,1,1,1,0
swa_8f91521d39341cc2a6eebe6e3e2fa8d9,1,1,1,1,1,0
swa_92816c72ace044ed4992ed1a58d13d3e,1,0,0,0,0,0
swa_267825baf40b1257607fd83b70b0bf73,1,1,1,1,1,0
swa_c4ebed4efdfb497ac61849ae2311c3b3,1,1,1,1,1,0
swa_b62659447b2aeda2a281e29ca52fb446,0,0,0,0,0,0
swa_ec9de71ac70ba7b9a492563b38003de8,0,0,0,0,0,0
swa_ce93312ff062cc9c1ffab89434adbe1e,1,1,1,1,1,0
swa_3bbaa856fb112b70551ad82efcd448e6,1,1,1,1,1,0
swa_fda955777485c97cf6bffb68da542b58,1,1,1,1,1,0
swa_1c163d608abd54e151b3713a7bf44f7e,1,1,1,1,1,0
swa_f78661830b8e86e98728057fca1ca3e9,0,0,0,0,0,0
swa_b28a4aeb79f3fd001954ffc6f9c1aefd,0,0,0,0,0,0
swa_3df81a501a295e3cb99e71baf58f7c5e,1,0,1,0,0,0
swa_ca43e0b7367b2eb2eb1e37ebaeb28435,0,0,0,0,0,0
swa_3e539cb6f34debb990ee17b26f3706aa,1,0,1,1,1,0
swa_63b84e202b11ac49e6e120e7b5637b73,1,1,1,1,1,0
swa_763dedfd8e248d95d0161452585953da,1,0,1,1,1,0
swa_ee72358ec96676146beef23a6f644630,1,1,1,1,1,0
swa_4fbffae26d934c09eb63008ea08468f6,1,0,1,1,1,0
swa_9751f0684854949f4f016e23979ac510,1,1,1,1,1,0
swa_7b324a3c548fe2a287c18272ab45efb0,1,1,1,1,1,0
swa_2e9d39090e4bcaf7aa6669813f1912dd,1,0,1,1,1,0
swa_4199f3e78a6bab2bd46574679345b101,1,0,1,1,1,0
swa_c1a86dd290f6e60e6121c71f5c9c58ec,1,1,1,1,1,0
swa_c462b19531f6f1bf0825e8d8e873028a,1,0,1,0,0,0
swa_a3cba0221f959b182614a47f73d5050e,1,0,1,0,0,0
swa_143e20547d3367a5f8fb11d6fff835f9,1,1,1,1,1,0
swa_1cdbbcb44facc04d4d36afc9fdfb5772,1,0,1,1,1,0
swa_27976e560394bdd4ff673e3f502c2edd,1,0,1,1,1,0
swa_3c00256fda837d0c1197c277fca06be3,1,0,1,1,1,0
swa_8fc4de4a0eb84dd689a89a5d219bd945,1,0,1,0,1,0
swa_aec7cff40e29ad0feeda9b2fd3b7b32e,0,0,0,0,0,0
swa_1a3393f650bfd832b3de90951082d7ad,1,1,1,1,1,0
swa_d3c375a0858a158d3f5069c32465f151,1,0,1,0,0,0
swa_531ad9f4ff0fee5353169133383cd747,0,0,0,0,0,0
swa_fd78a47f5d07f3a6b15ce71143c65f42,1,1,1,1,1,0
swa_94205d3eadeb99b6018437e06bac1534,0,0,0,0,0,0
swa_3bd3da8d50099c86987983d56ddfc719,1,1,1,1,1,0
swa_c592cd1c6d4a7384524605ec61352d0e,1,1,1,1,1,0
swa_f5e7ca1580ec42dc6ebd9df3fa88529e,1,1,1,1,1,0
swa_3ff9c68b921342dbacd29f0e71c1654a,1,1,1,0,1,0
swa_f106852ce0ce59c023d946f5aa84ab7e,1,1,1,1,1,0
swa_c6845906267bc80011a9dc0abaa91fa9,1,1,1,1,1,0
swa_c2278dd9f9066197a912816fa136a219,0,0,0,0,0,0
swa_500e075007249ba4da38f79fb5809442,0,0,0,0,0,0
swa_c318a1e0d3303fce78f7694e2b3da4e0,0,0,0,0,0,0
swa_f1de8a1d3479751684bfffff5df0bbc2,0,0,0,0,0,0
swa_c7eb1619b679af16e71cb25bd070a881,0,0,0,0,0,0
swa_cb53b843a65da5e06067b693d15451be,0,0,0,0,0,0
swa_13b07bfd80ed0d37b11df55e1587e253,1,0,1,1,1,0
swa_36438d80b031eca22a42666a8a524c20,0,0,0,0,0,0
swa_202056cd3fb0e2be79a0b1a142e37fb8,0,0,0,0,0,0
swa_f7d82dd88e553be4a6a55ac0404bdf93,0,0,0,0,0,0
swa_05e927c1778158d2b9a3e9c14696e480,0,0,0,0,0,0
swa_6eed837a399cc55406c78100ed27e8cc,0,0,0,0,0,0
swa_bc160842f77e8fc79a888449e8959c7f,1,1,1,1,1,0
swa_c150025c1da9126eb7c1e60393705e69,0,0,0,0,0,0
swa_9728b1b5fe7230db76e82eb2302e8475,0,0,0,0,0,0
swa_40a2a86e0f3f1e5699a94f40b496c42f,0,0,0,0,0,0
swa_6862a1c3be673a6b6c5f7b519d274970,0,0,0,0,0,0
swa_2856d1bdb9536fe3f0bb16d29a4e12d3,0,0,0,0,0,0
swa_f65fd07b2f4febc80c25d5f8d1bf0883,0,0,0,0,0,0
swa_8665bbaa3fc4d406aa71dff985226d54,0,0,0,0,0,0
swa_fc3ebcb2d563a6b71d4001875e7f75e8,0,0,0,0,0,0
swa_eab0e1510c33d022520c47a69a140d40,0,0,0,0,0,0
swa_c116730d8ecbc34fd8a7110889fa9792,0,0,0,0,0,0
swa_8feb57f3820097f141c2f7036a4a7e10,0,0,0,0,0,0
swa_a6adc87e4cc2d19088ae8ce1d2cf7457,0,0,0,0,0,0
swa_51cead2c80be22c76401c4ef162e265c,0,0,0,0,0,0
swa_f5f54cf3dd95dc2cb85829c7a7437ddd,1,0,0,0,0,0
swa_d9364b8024efc57e7a040624bc07bc22,1,0,0,0,1,0
swa_c13be11361a62a0ec2a83ef2fa1f23b8,0,0,0,0,0,0
swa_b6814892504e1b468e5bec2f5df5e109,0,0,0,0,0,0
swa_0297c233348b581a546bd3f68a5f39c7,0,0,0,0,0,0
swa_7489bc52a2f9d7a43730563b092ab075,0,0,0,0,0,0
swa_eb7029cfea5937eb86b3f0c734eff990,0,0,0,0,0,0
swa_52700b9433e14bee0649466ad685a28b,1,1,1,1,1,0
swa_f2d3b6b26951febd0db7fb2fd0e138d1,0,0,0,0,0,0
swa_9c1d9a3f5fcab28a57a7a36d34e5b93a,0,0,0,0,0,0
swa_cb038b31b77ea00a01b4da81b0132cc7,0,0,0,0,0,0
swa_b19f0f65a62abc9f0893a98ea94d57a4,0,0,0,0,0,0
swa_d9f68c6e9e2c27a62bf26af7fd4194f0,1,1,1,1,1,0
swa_dd8f81ca107a44876a9ca21b59f85318,1,1,1,1,1,0
swa_92ba4e33c6745ebbcb1118db650b999c,0,0,0,0,0,0
swa_6167fe3080444c279e704bcd339fa3f1,0,0,0,0,0,0
swa_1633ba874027881938be92002e09fdf2,0,0,0,0,0,0
swa_d859f5138fa80c1a90257b4af32e40d7,0,0,0,0,0,0
swa_a0eddae31666361b784e213e2ead2aea,0,0,0,0,0,0
swa_3681c0952fa701fb5ac081bb0d34d13b,0,0,0,0,0,0
swa_571ce010ba550af62a4a220a02f224dc,0,0,0,0,0,0
swa_25241780ce0ae287055eb5cd73263005,0,0,0,0,0,0
swa_9e5c5cb7d79b15d515d6b29b82681868,0,0,0,0,0,0
swa_0e5b8475aafbb398e99b7c24f890323b,0,0,0,0,0,0
swa_48abc4519c5b6438ea3aad2648d4c928,0,0,0,0,0,0
swa_48896c40ffb2dfab4d0eb59fe6890978,0,0,0,0,0,0
swa_36cbddb32f26549ad8d829ad8d064d3c,0,0,0,0,0,0
swa_c497087ee36977f030a14af98236c45a,0,0,0,0,0,0
swa_aae63852a4de614018a5f28dbc3c77a2,0,0,0,0,0,0
swa_e0efe42d5de4ae79ea86be9b1bba0ae2,0,0,0,0,0,0
swa_786639c82fc19d5e7ab0929204d38803,0,0,0,0,0,0
swa_2fae9d6dc3521363989108537ccb1846,0,0,0,0,0,0
swa_63d087766d4aa31ae1f5d605ded4097e,0,0,0,0,0,0
swa_2400b6af6df12f64cffa9d1999702212,1,1,1,0,1,0
swa_f65cc2e566549ae1cb60266efa2e1b1c,0,0,0,0,0,0
swa_01c9fde3ca57df9bc2ba86ec66abdf61,0,0,0,0,0,0
swa_c71a640910d2707a7e4e87f844d9980a,1,1,1,1,1,0
swa_d4c86ed4936a6e20901bb1e5e6d04774,0,0,0,0,0,0
swa_d5caa4a8fcd61302ab51335bcdf6d7ee,0,0,0,0,0,0
swa_111ab9e22350500f1a7a64c5db61a20f,0,0,0,0,0,0
swa_70a7c66a0f2e9c90d602d3e1a41aa00b,0,0,0,0,0,0
swa_8209e3c1f42f3c25aa23b0d8b27ba826,0,0,0,0,0,0
swa_355e355ac19297aebada718e527c6e53,0,0,0,0,0,0
swa_0711d1d19e8d86ffe9a32c48370892fc,0,0,0,0,0,0
swa_ec6b9f44145cb582c408c10073f6e58f,0,0,0,0,0,0
swa_00e1698e4a83ecf68907763c2d856b8d,0,0,0,0,0,0
swa_0586e87a3ee66e75261e248a2914ebe5,0,0,0,0,0,0
swa_08a390022fd161a257874392e781ed22,0,0,0,0,0,0
swa_83732562d1040e0b6bad6caadef6646f,0,0,0,0,0,0
swa_27d88b974ff69a4f25ac0c7fb299cbc7,0,0,0,0,0,0
swa_2b1417da4843313100b474fcddde5c22,0,0,0,0,0,0
swa_e8cb2e177e9d493746d5e20e31e227af,0,0,0,0,0,0
swa_360365ada84f3f64815d106b3d13bda5,0,0,0,0,0,0
swa_f56b90f7ead9d266e9b9561302b6b90e,0,0,0,0,0,0
swa_33243b1133bb5349e0e0c331f8a86118,0,0,0,0,0,0
swa_d4ff6c36ad1516868f8a43b6c1d4ba26,0,0,0,0,0,0
swa_a8ee201404d79d331aa6c0e9fc2441a7,0,0,0,0,0,0
swa_b691136d9d36daf5382d109901bd2ec6,0,0,0,0,0,0
swa_9b4e1f3b68922e322ab23edb4daac292,0,0,0,0,0,0
swa_5650b2768767d55ab455c6319f20abc8,0,0,0,0,0,0
swa_ecf7c2558edc3411e2dfbc49d27846e5,0,0,0,0,0,0
swa_b97d82694065650ed1b707a99c725ac3,0,0,0,0,0,0
swa_5313bc6b12d7dddbf3c0931dd6a17b03,0,0,0,0,0,0
swa_c1ee37dc7b5478f0d12e8245d7bb3d7f,0,0,0,0,0,0
swa_34d17235ad37a5fb4f260a55c1a46b12,0,0,0,0,0,0
swa_4c98934bdd6eceba73879b7219ad3f9a,0,0,0,0,0,0
swa_a7d1ed0ab48edb269a415386f1b57615,0,0,0,0,0,0
swa_c38636d19bf2e1d242cf201832091ce0,0,0,0,0,0,0
swa_9e1d5b6c6bee242269d498c804e823e4,0,0,0,0,0,0
swa_e872c8ace33d60d82c4175d1813ac879,0,0,0,0,0,0
swa_901f25c5d5e03546a5ec00069f7c5188,0,0,0,0,0,0
swa_79638630650d25d1d0c0ee71c17f0da7,0,0,0,0,0,0
swa_998bc3f2588870b8b3e647b1f84c0a97,0,0,0,0,0,0
swa_0cf3f90f7df5286818e5c7f072d78b16,0,0,0,0,0,0
swa_963adb281a113726a0e552e3df5b0bcd,0,0,0,0,0,0
swa_46931aefe94246e31d0117b3bece2958,0,0,0,0,0,0
swa_47b4a7dfdcfca76dd9e0e5ade19b87a7,0,0,0,0,0,0
swa_945e14bdddeefd7d73b70a75153243d4,0,0,0,0,0,0
swa_0d46391e2e1f7ac5b507f0b4dd777e1d,1,1,1,1,1,0
swa_a5a2c428dae4f324cbc3a205f3b522ab,1,0,0,0,0,0
swa_c2124177ccce52b2168123e355cd1ae6,1,1,1,1,1,0
swa_63d21f22ba0020871a631f48b4856222,0,0,0,0,0,0
swa_f436f929f8514021b8ebd3edf487b6a6,1,0,1,0,0,0
swa_df68231d07d82421cc42540cc7f211a3,0,0,0,0,0,0
swa_05890116e3f60adc06eca2ef35a719c7,1,1,1,1,1,0
swa_9bf1ee3f80c865145c166aa9aa75cdc5,1,1,1,1,1,0
swa_1c97f5ab98dbc34205f9653df91bdc7c,1,0,0,0,1,0
swa_e0f93d2268e65b138b4ed678a43c4d37,0,0,0,0,0,0
swa_a65cb936f1e3a769f1d7da1bf0d36896,0,0,0,0,0,0
swa_ea038091aeef5bc20d19fb47980c1582,0,0,0,0,0,0
swa_3a0fb20001a2c1ad47ca92605dfa63d9,1,0,0,0,0,0
swa_ee428c8ad6f72fd1a3c7a63d90e4bb7b,0,0,0,0,0,0
swa_18a853d4451bada24375415728bf3643,0,0,0,0,0,0
swa_11bc5879bf6a05b18838ec558fb89327,0,0,0,0,0,0
swa_fb18fd19de3f1f6ab68aed02e0453d6d,0,0,0,0,0,0
swa_71f998cf7991a1dd135de7681004f5d6,1,0,0,0,0,0
swa_467aa3432387e2564e6825761ccdc3b9,0,0,0,0,0,0
swa_f43379346d487784769ffae476824806,0,0,0,0,0,0
swa_484c48393804a5d025dbc4e83ec93da3,1,1,1,0,1,0
swa_26cd58aaff46117bbda6a239e06cd189,1,1,0,0,1,0
swa_7d99593e773f38c9af072cb54e714a8c,1,1,0,0,1,0
swa_0521bb01e2ca90a802e949b75d9f6748,0,0,0,0,0,0
swa_282637ccebeb697e5f63de3d8a6f0333,0,0,0,0,0,0
swa_a2da1838bd592e3b492c10b1dd1f82a5,1,1,1,1,1,0
swa_24d03a3176a4e35272dacfb2daac9ef7,1,1,1,1,1,0
swa_2f4eb600ac37b7c414423011c60bac61,1,1,1,1,1,0
swa_a012142269b7717bec88139ee355cd05,0,0,0,0,0,0
swa_59c9d9f9f66130379d5f93f2e6e60f14,1,0,0,0,0,0
swa_e15444d8c99e57a993f0ae2581d8d26d,1,1,1,1,1,0
swa_86d223429508a140a1ae5665fa0a577c,0,0,0,0,0,0
swa_31d0f7507c1077e3d342f917cddb8318,0,0,0,0,0,0
swa_9caaddbfcb8cd3dc8efbc47eeb58f816,1,1,1,1,1,0
swa_9b25ba7c10ec0b96a69cb4a060a7a617,1,0,0,0,0,0
swa_9ff88e8527f6e63bef5ff9d1002eace8,0,0,0,0,0,0
swa_cab22873c37072921de8975755482220,1,1,1,1,1,0
swa_5b9dc32dff454dd3978a4674b5262f66,0,0,0,0,0,0
swa_d24f33ac7354633696642329555d940f,0,0,0,0,0,0
swa_79fff1cf15e74ddd9a95ad29fcd9c82c,1,0,0,0,0,0
swa_32a7899fad6197e8a1b3eea9dad29066,1,1,0,0,1,0
swa_533239565e79ae05f6ad4e99a04e6c83,0,0,0,0,0,0
swa_29f6bef98dbcd89a023128dccf337217,0,0,1,0,0,0
swa_e960ee189089fca5a638128f65487a17,0,0,0,0,0,0
swa_0d6f2b04289cf7031c42b99e2800b424,1,0,0,0,0,0
swa_5e9f721f396448ae5f6bfa191e371cb1,0,0,0,0,0,0
swa_0c1d9f28ce39bb8a23db0ef8869e6284,0,0,0,0,0,0
swa_26d93ccd06a572754ffe0a67d2cd78d6,0,0,0,0,0,0
swa_7001c167998194eb1de1a598985b1a08,0,0,0,0,0,0
swa_689145c6485531e4a6438c756bca3223,1,0,1,0,0,0
swa_9e82235358323916f2a6740cf9e9ce8a,0,0,0,0,0,0
swa_1df4e0cbe842c47a8d52522336438134,0,0,0,0,0,0
swa_c552eca9230f3ea137c0048bd9b3e194,0,0,0,0,0,0
swa_b15fda9af672fee7a9f5d441c83a7dc8,1,0,1,0,1,0
swa_0bec4974c464bfd6296dbedd6011020f,0,0,0,0,0,0
swa_3b029cf711e16ba70beb4e0ef89da08f,0,0,0,0,0,0
swa_67d94310f746fc893343be9aeefeae9e,0,0,0,0,0,0
swa_1497cbe557ff17b6046e198f41ea0379,1,1,1,1,1,0
swa_9aa3dc1fe1d86b2f5779a1f80c1c681e,0,0,0,0,0,0
swa_3eabfd293b6d07eec88caaf744ac1126,1,1,1,1,1,0
swa_e67e5e1c64abb5c6a20cb2d429ddeb18,0,0,0,0,0,0
swa_e5e8b4c23339ebf6d9f70f178dd1de83,0,0,0,0,0,0
swa_77974b9075534c293d5a3c0b538d9669,1,0,0,0,1,0
swa_f92eac6719ff081c024773915ea49a21,0,0,0,0,0,0
swa_84a321e7f051d563074c7176b1783977,1,0,0,0,0,0
swa_e1453d9301328b229af2d015bca413c5,0,0,0,0,0,0
swa_cbb677520660006b6ee2f95610b93abb,0,0,0,0,0,0
swa_5054310ceeaf3e948d176f8ec06c05e0,0,0,0,0,0,0
swa_151f5742b4efc67b0f523f40478be371,0,0,0,0,0,0
swa_6b7d27a5888d40cb6f88ab03484ead63,0,0,0,0,0,0
swa_dc89c1506448f1b48a1f04bb7095af4c,1,1,1,0,1,0
swa_4fb50b5e8e23f66140c15ca1379b1608,0,0,0,0,0,0
swa_312ab9330201b32fe00819824a628432,0,0,0,0,0,0
swa_0c82ab67c5b6e907cb2bbc6dab49c52d,0,0,0,0,0,0
swa_222651aa31eae138e3d82adfb9b7467b,1,1,1,1,1,0
swa_4e4a7aeff2787fdb730e094e7ba891e7,0,0,0,0,0,0
swa_43011832e0c4e351adc359e2fa6eda10,0,0,0,0,0,0
swa_b6f9f9984f04d6cd5e671269ec92138b,0,0,0,0,0,0
swa_90ce6edae246271fbba69c8dee28a60b,0,0,0,0,0,0
swa_32f42b118c895be0cb0dcec49062ff0f,0,0,0,0,0,0
swa_ec566da74ddb0b2f6cf4f2ddde054642,1,1,0,0,1,0
swa_181d46addf718df2a1f701583da37282,1,1,1,0,1,0
swa_bddf655ddbfecd8b9fa9f30195d792d0,1,1,1,1,1,0
swa_3a4c126b955e29d2b22a9c35e591704b,1,0,0,0,0,0
swa_3160f9ca86f7ee8486507a9628a7b9ab,0,0,0,0,0,0
swa_53aad24a23bae0b94636e40a7ba8bde5,0,0,0,0,0,0
swa_ffd8dc4c65abab9e8a8138458312c7e3,0,0,0,0,0,0
swa_1f1b2c90699586ab8c821fa4dcb9d289,0,0,0,0,0,0
swa_2844dd8209ebb548554a49a4a64eee47,0,0,1,0,0,0
swa_7b1524bf963e947c26a9733be3186eb2,0,0,1,0,0,0
swa_ccecbdae9d8b0d379baf649978a682dc,0,0,1,0,0,0
swa_6fc673f128fd77c54787fee7bfa889b7,0,0,1,0,0,0
swa_f42ff0ba664ff706883caffa5cb61653,0,0,0,0,0,0
swa_6390e29987a9981782ead673e6ffac4b,0,0,0,0,0,0
swa_8b31c2215505bda5f96d3b2ab3f5576f,0,0,1,0,0,0
swa_057c17968e05f6c00b44f36de08c70b9,0,0,1,0,0,0
swa_28d593ec8e191db76f30c12f7d32f7ad,0,0,0,0,0,0
swa_4abc21069291325e351e15a63bc95204,0,0,0,0,0,0
swa_0a9527c35e3437b23d308120a553d2f1,0,0,0,0,0,0
swa_67d589d10aed35c1a3c7cd9767644a39,0,0,0,0,0,0
swa_951a973c31afa57fcc544e15c53940a9,0,0,1,0,0,0
swa_5f08a96bcbcceebb50454e9285090264,0,0,0,0,0,0
swa_05baaf08677e4835d77c129d59521001,1,0,1,1,1,0
swa_fdad0fdaabe9b80ddadffdbba5794085,1,0,1,1,1,0
swa_4eff5d610202e8c130b6cd8c7c5ecd21,0,0,1,0,0,0
swa_c498cc8b7ce7c5b873d99d2e9b130a17,1,0,1,0,0,0
swa_e882a7e0e4c3944d1b741b03bbafb4ca,0,0,0,0,0,0
swa_8f1d12ef026e045b39fd5bcd744916a5,0,0,1,0,0,0
swa_afef96c84e5cf602ac8e441ea84d1ac2,0,0,1,0,0,0
swa_c93d273d257acc7e6e90e35fdb0864b2,1,0,1,1,1,0
swa_21d9ef08d1d40b8906379175cfc58525,0,0,1,0,0,0
swa_5827e3115bf22bf97bc736d61ac0d821,0,0,1,0,0,0
swa_56db59daa86d61b1584329e41cff1edd,0,0,1,0,0,0
swa_2e5de5d5beda692a24542479959641c8,0,0,1,0,0,0
swa_be6d24c8cfbb4479df929ad9dbe43221,0,0,1,0,0,0
swa_8826ef2d9391f790e4959e6f500014ff,0,0,0,0,0,0
swa_6765e2cdf59f433196dd901129eac96a,0,0,0,0,0,0
swa_c5586cd90a65bb22ec6d58da93bfbf3d,0,0,1,0,0,0
swa_8e94e08a27e82f9d3e013a1a32e6a085,1,0,1,0,1,0
swa_7b24d4bd0d1e233fcfbfe8997e487f22,0,0,1,0,0,0
swa_3af2b2e488f0335f4e27289c1be7ebe2,0,0,1,0,0,0
swa_a5895fec643dd06db4b059ee201ebe35,0,0,0,0,0,0
swa_d5bd725f7bd1fceee834fe996a637d1e,0,0,0,0,0,0
swa_c94c8ee24d7dc580511d97bcbcda8854,0,0,0,0,0,0
