id,stereotype,vilification,dehumanization,extreme_language,lack_of_empathy,invalidation
amh_ca702c5ddc6b46c73576c8f6d3f0c0b6,0,0,0,0,0,0
amh_1fcbc6173a80cddfce64017e171419fd,0,0,0,0,0,0
amh_d9be456f48f7c180812de29d43935f96,1,1,0,1,1,1
amh_1cc5f5cccbb1c98be13832c33a019b39,0,0,0,0,0,0
amh_d19beb623af75470ba7b50f1fbb1144e,1,1,0,1,1,1
amh_b0c786c5e5643ed426531d3304207b91,1,0,0,1,0,0
amh_0340fb6ce267941cd072e3758047ab72,0,1,0,0,0,0
amh_c34bb1d5fdb3f1e7fe0c02a7b5f885b1,1,1,0,1,0,0
amh_2f79d7313c19ee27c69fd6c09c5a4138,1,1,0,1,0,0
amh_71882a4a17606fcddc9f61fc69d95f4e,0,0,0,0,1,0
amh_f35e451dc97576362d21f449887bf90a,1,1,1,1,1,1
amh_25e28e52dce31a3f6e6382b7f5de6aa6,0,0,0,0,0,0
amh_45d9ac19ed7b9ec1394e119d85771ca9,0,0,0,0,1,0
amh_aecbfc34d2add446327c9be86e9bdcee,1,1,0,1,1,1
amh_b33c4371324a2ad2ef712d6d61ab1190,1,1,0,1,1,0
amh_244b7255de55e1a0e5bf28ea2e3d0c05,1,1,0,0,1,0
amh_33c6483395ac88b82a9df1ee64b223f3,0,1,0,1,0,0
amh_d3b812c5c575040195670cc4125ae003,1,1,0,1,1,0
amh_5695a193cdd74a337731f8d2adcabee6,0,0,0,0,0,0
amh_4e7e72b99ee95f3a41c3dfbac82c1fcc,0,0,0,1,1,0
amh_80cebba0058d53f27fee195118ae6300,0,1,0,0,0,0
amh_a4b73b2064a171dd05f6e9ebd517fc90,0,0,0,0,1,0
amh_35d593ca29f60c26668d825e55bd63ce,1,1,0,0,1,1
amh_9624b8e66d5dbe359810c5a95a398d32,0,0,0,0,0,0
amh_ffd704aca8b850ef5eb98543ea950e1c,0,0,0,0,0,0
amh_3a125dbe68b7258e0f289cbf7c208cc8,1,1,0,1,1,1
amh_b7d6baff4388225c7418e95f77ed7d59,0,0,0,0,0,0
amh_dda6060bd9a699defa08c7bf86371051,1,0,0,1,1,1
amh_3f2c65884225d9f70901a41da2ccd86f,0,1,0,1,0,1
amh_732b2ab00e1b47948adc87a2145ee9e5,0,1,0,0,1,0
amh_2c44eaaacd83cb6ee49d359334e4e0c2,1,1,0,0,1,0
amh_0f0aa2401b86b9e97d576e30a14ae2c5,0,0,0,1,1,0
amh_7c2656257ae28d5ff459a56291243fc1,1,1,0,1,1,1
amh_88898dc27a41ffa534df758b8e9dd0fc,1,1,0,0,1,0
amh_365cefcecf61308fa40cbc50d8884ab9,1,1,0,1,1,1
amh_a2c385a63cba23153d32e7f4b7e45c2a,1,1,0,1,1,0
amh_a584a531268deb054e1978213246da9d,0,0,0,0,0,0
amh_d89a3f0e3e3f2281b477522f90aa51ca,1,1,0,1,1,1
amh_0e1ec499878a7f0bbc18f519d2bf73ef,0,1,1,0,0,0
amh_c21e5deb2130b0bd615162186a6b5299,0,0,0,0,0,0
amh_dd271423e05f7345d5b4a34828ab6d3e,0,1,0,0,1,0
amh_ce07f827a31ea62b9b54aea63eb72024,0,1,0,0,1,0
amh_6909a6006018e24a13e2d2624342623c,0,0,0,0,0,0
amh_1cbd01ecaee7ce7be7f9147f100f41b0,1,1,1,1,1,0
amh_754cd0005f2e135c909944e8b29b9647,1,1,1,1,1,1
amh_92ab1bd6206f75cfe411e1b92113eb72,1,0,0,1,0,1
amh_fb82ba1eec92d6a7ca3e4745788501e8,0,1,0,0,1,0
amh_65c64617919142f32c261c970a480d4c,1,1,0,0,1,0
amh_d43a2ce40151a629a6321a6979c3796f,1,0,0,1,0,0
amh_24743a50fbfae80bf57e0ddb2195b9ac,0,0,0,0,0,0
amh_74615d937ecea7c8beff6633ed15fc97,1,1,1,1,1,1
amh_27fda48252a47d2e9c415af4e2c570a8,1,1,0,0,0,0
amh_d87b6a585719c0cff1abed9725bb76c0,1,1,0,0,1,0
amh_c7513f8dac6eb784eae3d3fbdd211ee5,1,0,0,1,1,1
amh_0edc2f14adeb161c1f336a0ae8ca6f21,1,1,0,1,0,1
amh_63f8aa1f8fad2855effeaecf66fb45c7,1,1,0,0,1,0
amh_5b56105181c26eaee4c6d05a0e4fdf5a,1,1,0,1,1,1
amh_36680c68177aff39374b206dd9d40dcc,0,1,0,1,0,0
amh_8eae8c1915fae9319f911db186b4d080,1,1,0,1,1,1
amh_b4eba341fb2876ae96a218bc2c53077e,0,0,0,0,0,0
amh_e59c3a0c4597b808f23bcdbc33062ea2,1,1,0,1,0,1
amh_9c632d234d475ab4ac94a79377113521,0,0,1,0,1,0
amh_571bfd2979e85e889f819d55e2c38449,1,1,0,1,1,0
amh_59f33b295aca65ba99a5fa3dfadf7b37,1,1,0,1,0,0
amh_1a960effbd99b6033d3d4fe65051b3e6,1,1,0,1,0,1
amh_e6ebab34806625f43dca8c57f8cbf331,1,1,0,1,1,0
amh_f98d49b6bf4c7aa5a88cf195f244e93b,1,1,0,1,0,1
amh_b8e465384aecfe64f72d4d11ab305518,1,1,0,0,1,0
amh_aaee73a7b3e9363cb010e1a2b14d812f,1,1,0,0,1,1
amh_38d25e9b7ee7ed7982d09f22fe3d9bc8,1,1,1,1,1,0
amh_362ddc5e259a952ec3cdfd65cc31ff63,0,0,0,0,0,0
amh_46f9981fdf4a0236ded7a39ccc88e5bc,0,1,0,1,1,0
amh_01b70e96325468537c5eae0a8de0beda,1,1,0,0,1,0
amh_46650662d9fbd1de45914ec46ecddcc1,1,1,0,1,1,0
amh_098f9c156473a068762089131f60022e,1,1,0,0,0,0
amh_942080db71e9ae58f45fc29be439a851,0,0,0,0,0,0
amh_409d9503dc1ecbea064abc8660e2de09,1,1,1,1,1,0
amh_c99ee41d6f144ce884df3becdf49c998,0,0,0,0,0,0
amh_14d514adef21785aa18fe4ecfc52306d,1,1,0,1,0,0
amh_d3acd2ed42b23b8d02fe3baf2e1b72b6,1,0,0,0,0,0
amh_a96e576d672f646464cfce03ebb52d80,1,1,0,1,1,1
amh_456a97e6a832f2a02024dbe7cce463a3,0,1,0,0,0,1
amh_32772bc268b84642bb9300ffabbca0d1,0,0,0,0,0,0
amh_a1ceaf09d776e284ac3fd60a5d4d5d8a,1,1,0,1,1,1
amh_f657d95a235b1876fcb5fd222c0702c4,1,1,1,1,1,1
amh_33c8f11e79024291389d681501e50ea2,0,1,1,1,1,0
amh_cd47faee7b606f54ea45e117515f9036,0,0,0,0,0,0
amh_418baab2298279c8372604d6ccfa32ef,1,1,1,1,1,0
amh_2002f2eb84e4642040026f7d8d429849,1,1,0,1,1,1
amh_d2c779ad06c45307197265216eeb6703,1,1,0,0,1,0
amh_aefe6ea05a00d05466f4c495d810b460,1,1,0,0,1,0
amh_d494de199b1c17a421e633e0d3435a1e,1,1,1,1,1,1
amh_a0e6518aee88ffb387fcf94a077cf4ec,0,0,0,0,1,0
amh_82a6d30fd3871b869d2496cbe01b2bab,1,1,0,1,1,1
amh_87b0953bb6b1dbb8e00664baf799fea8,1,1,0,1,0,0
amh_9d2d6f24310339ff8ff0e1ffe0e63454,1,1,1,0,1,1
amh_52bbbcb315844c4af852a5054f92a4eb,0,0,1,0,0,0
amh_374dfeccd2f6d86200dc2f22c1f2df0d,1,0,0,1,0,1
amh_91540310bd97612a2c530d95ce3e17b1,1,0,0,0,0,1
amh_86ac254f117776c1c88a6e9726267cf6,1,0,0,0,0,0
amh_454e480af13e39748b623cffeeee7ff0,1,1,0,1,0,0
amh_6b310ee1c504c2c8d3f6d025a19d3de3,0,0,0,0,0,0
amh_4ff75be31cc1dad2c3729f4691ca7ca1,1,1,0,1,1,0
amh_c2169cc907c94a2affe1a499c213c418,1,1,0,1,1,1
amh_48989842596424ef8bed622358aa6bb4,1,1,0,1,1,1
amh_29ec34ba9d808090f0d9001060ebacb4,1,0,0,1,1,1
amh_d570fd1f1844b966feeca1b8b0eb8486,1,1,0,1,1,0
amh_89705d1cdd34e38b00f07bdeb50c4d8b,1,1,0,1,1,1
amh_e9e8a24f89ec8986f67fec9b98b31228,1,1,1,1,0,1
amh_2573d33dd3bd1028ff3357045e08c367,1,1,1,0,0,0
amh_30e8089bf567f89e9ca16ff40ded6821,0,0,0,0,0,0
amh_6a21bf0dd0cafc17093222d27baa9e0d,1,1,0,1,0,1
amh_ee3df5889c849c539806a980b89dd20d,1,1,0,0,1,1
amh_ff6f03e1dd5d242e3dc09e079c4d6bc2,1,1,1,1,1,1
amh_da205e9ae638db10fd6effac8c090ce7,1,1,0,1,0,0
amh_9254e68943367430c6a31b827696f570,1,0,0,0,1,0
amh_2410b7deeddc79e7e6e465a2d6984768,1,1,1,1,1,0
amh_dc82235ac467248ccb82ad55e0fee7d6,1,1,0,1,0,1
amh_78d53365b121ca1268edb99e9540fd3a,1,1,0,1,0,1
amh_c1b9b194c05b1c519146b41c033927ac,1,1,0,1,1,1
amh_5d33e55a297a7e78f44ebbd3d3aa5c63,1,0,0,1,1,1
amh_65c7ddce396aa20fa2a1c09f1aabf17d,1,0,0,1,0,1
amh_cfaa37bf596c183fb77983ebc4f86edb,1,1,0,1,1,1
amh_e147dddc9f986192043c22c2b0fed48d,1,1,0,1,1,1
amh_eca6790ddcab8a06a1a880eed9a38e1d,1,1,0,1,0,0
amh_7394ee9a77dc4ddda434747fdf00c8d9,1,1,0,1,0,1
amh_4f325a736aad326b83581f4a96a48018,0,0,0,0,0,0
amh_58d8f25d9249481b18ae8b8b91048b82,1,1,0,1,1,1
amh_f4596cac643b9c166b7fa3ea9a8c867c,1,1,0,0,1,0
amh_52775feec124e43aa62343a327b08bd9,0,1,0,0,0,0
amh_c4b16412b0650569e4429c37fa2d8420,1,1,0,0,1,0
amh_2433da5ea4c1e26ac25986380259b5b6,0,0,0,0,0,0
amh_24a8f33d73831c73e93effead8126f58,0,1,1,0,0,0
amh_e2029d1c481ad1451610488fe6dcfbc8,0,1,1,1,0,1
amh_a9fea8248bd2c354da8ac46cca710904,1,1,1,1,1,0
amh_a8e67604a788f4347b615c5be6daa179,0,1,0,0,0,0
amh_fc52f60dc239e8086a774bfbfa77b3c7,1,0,0,0,0,0
amh_ef26404defa71a84ea91b0780227fa5c,1,1,0,0,1,0
amh_b95f4e3351555a293ff1e983ba5aa22f,1,1,0,1,1,0
amh_0dbfe65656e42a4ad970c8a04a261dfa,0,0,0,0,0,0
amh_73ca83019d95c9a3b20ebc458f9dfee4,1,1,0,0,0,0
amh_1e0d757cfa3c42d90a8706d976d92fa2,1,1,0,0,0,0
amh_fd6d74cf293acaee5c0ab3123a31c204,1,1,0,1,0,0
amh_3f4b7c7caf7385e7853200dae6dfde79,1,1,0,0,1,0
amh_0eb79130d9b9f98e73443bb4212305b9,1,1,1,1,1,1
amh_606fb9706b28964b0a0974646d9483c7,1,1,1,1,1,0
amh_3152b2b8219ae9dbe3d8245016eaa67b,1,1,0,1,1,1
amh_8813b58e4341a8ee50c874bb7fc3bc22,1,1,1,1,1,1
amh_9059710bec1f3a5c8da379c13cf0dc15,0,0,1,0,0,0
amh_ad51898c58a9aa2bcc42febdeaceb20b,1,1,1,1,0,1
amh_7f7c2700b35144ccb77101d88b5a550a,0,0,0,0,1,0
amh_4d208913450588116baebf172748b116,1,1,0,1,0,1
amh_1d4a8c19233978bb4c3638a31cd2e92b,0,0,0,0,0,0
amh_54e0e7a7ba8f43c060ed3abd101a7b84,1,1,0,1,0,1
amh_4327c88959262ae07926fedc96844186,1,1,0,1,1,1
amh_a3fdab9c26ed439cbf29756cbb0fc61a,0,1,0,0,0,0
amh_890b8c69bdb95bea9efc0daeff10131f,1,1,0,1,0,1
amh_97824e98a343a2258ba43f09d19aa2cd,0,1,0,0,1,0
amh_b5f0572f4e7285f90f0ff88a11f390e7,1,1,1,1,1,1
amh_361f1a236bfa32ad76aff9b584121dc6,0,1,0,0,1,0
amh_15db59a27ff7090179baf93557157020,1,1,1,0,1,1
amh_eb9cf21880208ea1a516d2cfd99bec76,1,1,0,1,1,1
amh_acec82319316de5762ae75da78afa17c,1,0,0,0,0,1
amh_0bddf5bf384fcc752e5975d0df43f4e7,1,0,0,1,0,1
amh_03ab012f6823c46914a05c70ed5e616a,1,1,0,0,1,0
amh_930ed881c551616eefbb305227feb67c,0,1,0,0,0,0
